neuron_id,spike_time_ms
ADAL,41.5
ADAL,92.0
ADAL,142.5
ADAL,193.0
ADAL,243.0
ADAL,292.5
ADAL,342.0
ADAL,392.0
ADAL,441.5
ADAL,491.5
ADAR,61.5
ADAR,130.5
ADAR,226.5
ADAR,318.0
ADAR,400.0
ADAR,481.0
ADER,26.0
ADER,60.0
ADER,93.5
ADER,127.0
ADER,160.5
ADER,194.0
ADER,227.5
ADER,260.5
ADER,294.0
ADER,328.0
ADER,361.0
ADER,395.0
ADER,429.0
ADER,462.5
ADER,496.0
ADFR,25.5
ADFR,57.5
ADFR,90.0
ADFR,122.5
ADFR,154.5
ADFR,187.0
ADFR,219.5
ADFR,251.5
ADFR,284.0
ADFR,316.0
ADFR,348.5
ADFR,381.0
ADFR,413.5
ADFR,446.0
ADFR,478.5
AIBR,68.5
AIBR,141.5
AIBR,216.0
AIBR,290.5
AIBR,355.0
AIBR,439.0
AIML,73.0
AIML,156.0
AIML,237.5
AIML,325.5
AIML,407.0
AIML,499.0
AINL,41.0
AINL,91.5
AINL,139.5
AINL,190.5
AINL,239.5
AINL,288.0
AINL,336.0
AINL,385.5
AINL,436.0
AINL,483.5
AIYR,21.5
AIYR,46.5
AIYR,70.5
AIYR,97.0
AIYR,123.5
AIYR,147.5
AIYR,175.0
AIYR,201.0
AIYR,226.0
AIYR,253.0
AIYR,280.5
AIYR,305.5
AIYR,329.0
AIYR,355.0
AIYR,381.5
AIYR,405.5
AIYR,433.0
AIYR,458.0
AIYR,482.5
AIZR,27.5
AIZR,63.0
AIZR,98.5
AIZR,130.5
AIZR,176.5
AIZR,221.5
AIZR,254.5
AIZR,286.0
AIZR,330.5
AIZR,383.0
AIZR,415.5
AIZR,454.0
AIZR,484.0
ALA,18.0
ALA,42.5
ALA,67.0
ALA,91.5
ALA,116.0
ALA,140.5
ALA,165.0
ALA,190.0
ALA,214.5
ALA,238.5
ALA,263.0
ALA,287.5
ALA,312.0
ALA,336.5
ALA,361.0
ALA,386.0
ALA,410.0
ALA,434.5
ALA,459.0
ALA,483.5
ALML,33.5
ALML,77.0
ALML,119.5
ALML,162.0
ALML,204.5
ALML,246.5
ALML,289.0
ALML,330.5
ALML,373.0
ALML,415.0
ALML,456.0
ALML,498.0
AS2,21.0
AS2,49.0
AS2,76.5
AS2,104.5
AS2,133.0
AS2,161.0
AS2,189.0
AS2,217.0
AS2,245.0
AS2,273.5
AS2,301.5
AS2,329.5
AS2,357.5
AS2,385.5
AS2,413.5
AS2,441.5
AS2,469.5
AS2,497.5
AS4,33.0
AS4,75.0
AS4,117.5
AS4,159.0
AS4,202.5
AS4,245.0
AS4,286.5
AS4,329.0
AS4,371.0
AS4,413.5
AS4,455.5
AS4,497.5
AS5,40.0
AS5,89.5
AS5,138.5
AS5,187.5
AS5,236.0
AS5,285.5
AS5,335.0
AS5,384.0
AS5,434.0
AS5,484.5
AS7,23.5
AS7,55.0
AS7,86.5
AS7,117.5
AS7,148.5
AS7,180.0
AS7,211.5
AS7,242.5
AS7,274.0
AS7,305.5
AS7,337.0
AS7,368.5
AS7,400.0
AS7,431.0
AS7,462.5
AS7,494.0
AS8,67.0
AS8,144.0
AS8,219.5
AS8,289.0
AS8,363.5
AS8,435.5
ASER,29.0
ASER,66.0
ASER,102.5
ASER,139.0
ASER,176.5
ASER,213.5
ASER,251.0
ASER,288.0
ASER,325.0
ASER,361.5
ASER,398.5
ASER,435.5
ASER,472.5
ASGR,37.0
ASGR,82.5
ASGR,128.0
ASGR,172.5
ASGR,217.0
ASGR,262.0
ASGR,307.5
ASGR,353.0
ASGR,398.0
ASGR,443.0
ASGR,488.0
ASKL,35.0
ASKL,77.5
ASKL,123.0
ASKL,166.5
ASKL,210.0
ASKL,252.0
ASKL,297.5
ASKL,341.0
ASKL,386.0
ASKL,428.5
ASKL,473.0
ASKR,21.0
ASKR,49.0
ASKR,77.0
ASKR,105.0
ASKR,133.0
ASKR,161.5
ASKR,189.5
ASKR,218.0
ASKR,246.0
ASKR,274.0
ASKR,302.0
ASKR,330.5
ASKR,359.0
ASKR,387.5
ASKR,415.5
ASKR,444.0
ASKR,472.5
AUAL,28.5
AUAL,63.0
AUAL,97.0
AUAL,131.0
AUAL,166.0
AUAL,200.5
AUAL,236.5
AUAL,271.5
AUAL,305.5
AUAL,340.5
AUAL,375.5
AUAL,411.5
AUAL,447.0
AUAL,482.5
AUAR,35.0
AUAR,79.5
AUAR,123.5
AUAR,168.0
AUAR,212.0
AUAR,254.5
AUAR,298.0
AUAR,341.5
AUAR,384.0
AUAR,427.5
AUAR,472.0
AVAR,26.0
AVAR,58.5
AVAR,87.5
AVAR,120.0
AVAR,148.5
AVAR,178.0
AVAR,204.0
AVAR,231.5
AVAR,256.5
AVAR,287.5
AVAR,316.5
AVAR,343.5
AVAR,370.5
AVAR,399.5
AVAR,425.5
AVAR,453.0
AVAR,482.0
AVBL,27.0
AVBL,59.0
AVBL,89.0
AVBL,120.0
AVBL,152.0
AVBL,182.5
AVBL,214.0
AVBL,243.5
AVBL,274.0
AVBL,306.0
AVBL,334.0
AVBL,363.5
AVBL,393.5
AVBL,421.5
AVBL,454.0
AVBL,484.0
AVDL,63.0
AVDL,191.5
AVDL,347.5
AVEL,44.5
AVEL,92.0
AVEL,141.0
AVEL,190.0
AVEL,238.5
AVEL,286.5
AVEL,335.0
AVEL,383.0
AVEL,431.5
AVEL,479.5
AVG,45.0
AVG,98.5
AVG,153.5
AVG,206.0
AVG,259.0
AVG,312.0
AVG,365.0
AVG,418.5
AVG,470.5
AVHL,24.0
AVHL,55.5
AVHL,86.5
AVHL,118.0
AVHL,149.0
AVHL,180.0
AVHL,211.5
AVHL,242.5
AVHL,274.5
AVHL,306.5
AVHL,337.5
AVHL,369.0
AVHL,400.5
AVHL,431.5
AVHL,462.5
AVHL,494.0
AWAR,41.5
AWAR,93.0
AWAR,143.0
AWAR,194.0
AWAR,246.5
AWAR,297.5
AWAR,348.5
AWAR,400.5
AWAR,451.5
AWBL,73.0
AWBL,157.0
AWBL,238.5
AWBL,326.5
AWBL,408.5
AWBL,488.0
AWCR,146.5
AWCR,332.5
AWCR,437.0
BAGL,36.5
BAGL,84.0
BAGL,127.0
BAGL,176.0
BAGL,222.0
BAGL,266.0
BAGL,309.0
BAGL,352.5
BAGL,399.0
BAGL,444.5
BAGL,486.5
BDUL,20.5
BDUL,47.0
BDUL,74.5
BDUL,101.5
BDUL,127.5
BDUL,155.0
BDUL,182.0
BDUL,208.0
BDUL,235.5
BDUL,262.0
BDUL,289.5
BDUL,317.0
BDUL,343.0
BDUL,371.0
BDUL,398.5
BDUL,425.0
BDUL,452.0
BDUL,479.0
CEPDL,21.5
CEPDL,48.0
CEPDL,76.0
CEPDL,104.0
CEPDL,131.5
CEPDL,159.0
CEPDL,187.5
CEPDL,215.5
CEPDL,243.5
CEPDL,271.5
CEPDL,299.0
CEPDL,327.0
CEPDL,355.0
CEPDL,382.5
CEPDL,410.5
CEPDL,439.0
CEPDL,467.0
CEPDL,495.0
CEPDR,25.0
CEPDR,57.5
CEPDR,90.0
CEPDR,122.0
CEPDR,154.5
CEPDR,187.0
CEPDR,219.0
CEPDR,251.0
CEPDR,283.5
CEPDR,315.0
CEPDR,347.0
CEPDR,379.5
CEPDR,411.5
CEPDR,444.0
CEPDR,477.0
CEPVL,33.0
CEPVL,75.5
CEPVL,117.5
CEPVL,159.5
CEPVL,200.5
CEPVL,242.0
CEPVL,284.0
CEPVL,325.5
CEPVL,367.0
CEPVL,409.0
CEPVL,450.0
CEPVL,491.0
CEPVR,67.5
CEPVR,141.0
CEPVR,215.0
CEPVR,286.5
CEPVR,359.0
CEPVR,431.5
DA2,26.5
DA2,61.0
DA2,95.0
DA2,129.5
DA2,164.5
DA2,198.5
DA2,233.0
DA2,267.5
DA2,302.5
DA2,337.0
DA2,371.5
DA2,406.0
DA2,440.5
DA2,475.0
DA5,28.5
DA5,65.5
DA5,102.5
DA5,139.5
DA5,176.0
DA5,213.0
DA5,250.0
DA5,287.0
DA5,323.5
DA5,360.0
DA5,396.5
DA5,433.5
DA5,470.5
DA6,35.0
DA6,78.5
DA6,122.5
DA6,166.0
DA6,210.0
DA6,253.5
DA6,298.5
DA6,342.5
DA6,386.5
DA6,431.0
DA6,474.5
DA8,26.0
DA8,61.5
DA8,96.5
DA8,131.5
DA8,166.0
DA8,201.0
DA8,235.5
DA8,270.5
DA8,305.0
DA8,339.5
DA8,374.0
DA8,409.0
DA8,444.0
DA8,479.0
DB2,73.5
DB2,158.0
DB2,238.5
DB2,319.5
DB2,401.0
DB2,484.0
DB5,41.5
DB5,91.0
DB5,141.0
DB5,192.5
DB5,243.5
DB5,294.5
DB5,346.5
DB5,399.0
DB5,451.0
DB6,60.0
DB6,131.0
DB6,200.0
DB6,273.5
DB6,343.5
DB6,411.0
DB6,482.0
DD3,25.5
DD3,59.0
DD3,92.0
DD3,125.5
DD3,158.5
DD3,192.5
DD3,226.0
DD3,259.5
DD3,293.0
DD3,327.0
DD3,360.5
DD3,394.5
DD3,428.0
DD3,461.5
DD3,495.5
DD4,69.0
DD4,149.0
DD4,225.5
DD4,306.0
DD4,385.5
DD4,464.0
DVC,20.0
DVC,46.0
DVC,72.0
DVC,98.5
DVC,125.0
DVC,151.0
DVC,177.5
DVC,204.0
DVC,230.0
DVC,256.0
DVC,282.5
DVC,308.5
DVC,334.5
DVC,361.0
DVC,387.0
DVC,413.0
DVC,439.5
DVC,466.0
DVC,492.5
FLPL,25.0
FLPL,58.0
FLPL,91.0
FLPL,123.5
FLPL,156.5
FLPL,189.5
FLPL,222.0
FLPL,255.0
FLPL,288.0
FLPL,320.5
FLPL,353.5
FLPL,386.0
FLPL,419.0
FLPL,451.5
FLPL,484.0
HSNL,27.0
HSNL,61.5
HSNL,96.0
HSNL,130.5
HSNL,164.5
HSNL,199.0
HSNL,233.5
HSNL,267.5
HSNL,302.0
HSNL,337.0
HSNL,372.0
HSNL,406.5
HSNL,441.0
HSNL,475.5
HSNR,24.5
HSNR,56.5
HSNR,88.0
HSNR,119.5
HSNR,151.0
HSNR,183.0
HSNR,214.5
HSNR,246.5
HSNR,278.5
HSNR,310.5
HSNR,342.0
HSNR,373.5
HSNR,405.5
HSNR,437.0
HSNR,469.0
I1L,27.0
I1L,63.0
I1L,98.5
I1L,135.0
I1L,171.0
I1L,206.5
I1L,241.5
I1L,277.5
I1L,313.5
I1L,349.5
I1L,385.0
I1L,421.0
I1L,457.0
I1L,493.0
I1R,24.0
I1R,55.5
I1R,87.5
I1R,119.0
I1R,150.5
I1R,182.0
I1R,214.0
I1R,245.5
I1R,277.0
I1R,309.0
I1R,341.0
I1R,372.5
I1R,405.0
I1R,436.5
I1R,468.0
I2R,24.5
I2R,56.5
I2R,89.0
I2R,120.5
I2R,152.5
I2R,184.0
I2R,215.5
I2R,247.0
I2R,278.5
I2R,310.5
I2R,342.5
I2R,374.0
I2R,406.5
I2R,438.0
I2R,469.5
I3,31.0
I3,70.0
I3,110.5
I3,151.5
I3,194.5
I3,236.5
I3,276.5
I3,317.0
I3,358.0
I3,400.0
I3,443.5
I3,482.0
I4,51.5
I4,103.0
I4,154.5
I4,204.5
I4,259.0
I4,311.0
I4,370.0
I4,425.5
I4,471.5
I5,22.0
I5,51.5
I5,81.0
I5,110.5
I5,140.5
I5,170.5
I5,200.0
I5,229.5
I5,259.5
I5,289.0
I5,318.0
I5,347.5
I5,377.0
I5,407.0
I5,437.0
I5,467.0
I5,496.5
I6,26.5
I6,61.5
I6,96.5
I6,131.0
I6,166.0
I6,201.0
I6,236.5
I6,271.0
I6,305.5
I6,340.5
I6,375.5
I6,410.5
I6,445.0
I6,479.5
IL1DL,28.0
IL1DL,63.0
IL1DL,97.0
IL1DL,132.5
IL1DL,168.0
IL1DL,201.0
IL1DL,235.0
IL1DL,273.5
IL1DL,305.5
IL1DL,342.5
IL1DL,378.5
IL1DL,413.0
IL1DL,448.0
IL1DL,482.5
IL1R,28.0
IL1R,64.5
IL1R,101.0
IL1R,137.0
IL1R,173.0
IL1R,209.0
IL1R,244.5
IL1R,281.5
IL1R,318.5
IL1R,355.0
IL1R,390.5
IL1R,427.0
IL1R,462.5
IL1R,499.0
IL1VL,27.0
IL1VL,61.0
IL1VL,94.5
IL1VL,126.5
IL1VL,160.5
IL1VL,195.5
IL1VL,229.5
IL1VL,262.5
IL1VL,296.0
IL1VL,329.5
IL1VL,364.0
IL1VL,398.0
IL1VL,432.0
IL1VL,465.5
IL1VL,499.0
IL1VR,33.5
IL1VR,74.5
IL1VR,116.5
IL1VR,158.0
IL1VR,200.5
IL1VR,243.0
IL1VR,285.5
IL1VR,327.5
IL1VR,368.0
IL1VR,410.5
IL1VR,452.0
IL1VR,494.0
IL2DL,90.5
IL2DL,189.5
IL2DL,289.0
IL2DL,388.5
IL2DL,489.5
IL2DR,30.0
IL2DR,69.0
IL2DR,107.5
IL2DR,146.0
IL2DR,184.5
IL2DR,223.0
IL2DR,262.0
IL2DR,300.5
IL2DR,339.5
IL2DR,378.0
IL2DR,417.0
IL2DR,456.0
IL2DR,494.5
LUAL,60.5
LUAL,168.5
LUAL,260.0
LUAL,342.0
LUAL,428.0
M2L,52.5
M2L,112.0
M2L,172.5
M2L,235.5
M2L,304.5
M2L,371.0
M2L,432.5
M2L,497.0
M3R,50.0
M3R,104.5
M3R,154.0
M3R,204.0
M3R,261.0
M3R,313.0
M3R,366.5
M3R,413.5
M3R,470.0
M4,22.5
M4,50.0
M4,76.0
M4,101.0
M4,127.5
M4,153.0
M4,178.0
M4,203.0
M4,230.5
M4,257.5
M4,283.0
M4,308.5
M4,335.5
M4,362.0
M4,386.5
M4,411.5
M4,438.0
M4,465.0
M4,491.0
MCR,22.0
MCR,52.0
MCR,82.0
MCR,111.5
MCR,141.5
MCR,171.0
MCR,200.5
MCR,230.5
MCR,260.0
MCR,290.0
MCR,319.5
MCR,349.0
MCR,379.0
MCR,408.5
MCR,438.0
MCR,468.0
MCR,498.0
NSMR,63.0
NSMR,132.5
NSMR,202.5
NSMR,272.5
NSMR,345.5
NSMR,412.0
NSMR,481.0
OLLL,35.0
OLLL,77.5
OLLL,120.5
OLLL,161.0
OLLL,204.0
OLLL,245.0
OLLL,286.5
OLLL,328.5
OLLL,370.0
OLLL,412.0
OLLL,454.0
OLLL,496.5
OLLR,18.5
OLLR,42.5
OLLR,65.5
OLLR,90.0
OLLR,114.5
OLLR,139.0
OLLR,163.0
OLLR,188.0
OLLR,213.0
OLLR,236.5
OLLR,260.5
OLLR,284.5
OLLR,309.0
OLLR,333.0
OLLR,357.0
OLLR,381.0
OLLR,405.5
OLLR,429.5
OLLR,453.0
OLLR,477.5
OLQDL,38.5
OLQDL,84.5
OLQDL,134.0
OLQDL,184.5
OLQDL,232.5
OLQDL,277.5
OLQDL,327.0
OLQDL,375.0
OLQDL,422.0
OLQDL,469.5
PHAR,79.5
PHAR,166.5
PHAR,265.5
PHAR,354.0
PHAR,441.5
PHCL,21.5
PHCL,49.5
PHCL,78.5
PHCL,107.0
PHCL,135.5
PHCL,164.5
PHCL,193.0
PHCL,221.0
PHCL,249.5
PHCL,278.0
PHCL,306.5
PHCL,335.0
PHCL,363.5
PHCL,392.0
PHCL,420.5
PHCL,449.5
PHCL,478.5
PLML,61.0
PLML,134.0
PLML,207.0
PLML,280.5
PLML,351.5
PLML,428.0
PLML,498.0
PLMR,24.0
PLMR,56.0
PLMR,87.5
PLMR,119.0
PLMR,151.0
PLMR,183.0
PLMR,214.5
PLMR,246.5
PLMR,279.0
PLMR,311.0
PLMR,343.0
PLMR,375.5
PLMR,408.0
PLMR,440.5
PLMR,472.0
PLNL,93.0
PLNL,191.5
PLNL,290.0
PLNL,388.0
PLNL,485.5
PVCL,22.0
PVCL,49.5
PVCL,77.5
PVCL,106.0
PVCL,133.0
PVCL,160.5
PVCL,187.0
PVCL,214.0
PVCL,241.5
PVCL,268.5
PVCL,295.0
PVCL,322.0
PVCL,347.5
PVCL,374.5
PVCL,401.5
PVCL,427.5
PVCL,455.0
PVCL,483.0
PVCR,26.0
PVCR,59.5
PVCR,91.5
PVCR,121.5
PVCR,153.5
PVCR,184.5
PVCR,217.0
PVCR,248.5
PVCR,280.5
PVCR,313.5
PVCR,345.0
PVCR,375.5
PVCR,407.0
PVCR,439.0
PVCR,471.5
PVNL,49.0
PVNL,107.0
PVNL,164.5
PVNL,222.5
PVNL,279.5
PVNL,339.0
PVNL,397.0
PVNL,457.0
PVNR,41.5
PVNR,91.5
PVNR,142.5
PVNR,192.0
PVNR,243.0
PVNR,291.5
PVNR,341.0
PVNR,391.5
PVNR,441.5
PVNR,492.0
PVPL,31.5
PVPL,72.0
PVPL,113.0
PVPL,153.5
PVPL,194.0
PVPL,234.5
PVPL,274.0
PVPL,316.0
PVPL,357.0
PVPL,398.0
PVPL,438.5
PVPL,479.0
PVPR,29.5
PVPR,67.5
PVPR,105.0
PVPR,143.5
PVPR,181.5
PVPR,218.0
PVPR,255.5
PVPR,294.0
PVPR,333.0
PVPR,370.5
PVPR,408.0
PVPR,445.5
PVPR,483.0
PVQL,28.0
PVQL,64.5
PVQL,101.0
PVQL,137.0
PVQL,172.5
PVQL,209.0
PVQL,245.5
PVQL,282.0
PVQL,318.5
PVQL,354.5
PVQL,390.5
PVQL,426.5
PVQL,462.0
PVQL,499.0
PVR,34.0
PVR,77.0
PVR,119.0
PVR,161.5
PVR,204.5
PVR,245.0
PVR,287.5
PVR,329.0
PVR,371.0
PVR,412.5
PVR,455.0
PVR,496.5
PVT,29.5
PVT,66.5
PVT,103.0
PVT,140.0
PVT,177.0
PVT,214.0
PVT,250.5
PVT,287.0
PVT,325.5
PVT,363.0
PVT,399.5
PVT,438.0
PVT,476.0
RIAL,27.0
RIAL,58.5
RIAL,90.0
RIAL,122.5
RIAL,155.0
RIAL,185.5
RIAL,218.0
RIAL,250.5
RIAL,281.0
RIAL,313.5
RIAL,341.5
RIAL,376.5
RIAL,409.0
RIAL,440.5
RIAL,472.0
RIAR,59.5
RIAR,125.0
RIAR,189.0
RIAR,254.5
RIAR,318.0
RIAR,383.0
RIAR,448.0
RIBL,26.0
RIBL,56.5
RIBL,85.0
RIBL,116.5
RIBL,145.0
RIBL,172.5
RIBL,202.5
RIBL,234.5
RIBL,264.5
RIBL,293.0
RIBL,324.0
RIBL,353.5
RIBL,381.5
RIBL,413.0
RIBL,444.5
RIBL,474.5
RIBR,21.0
RIBR,46.0
RIBR,71.5
RIBR,97.5
RIBR,124.5
RIBR,148.5
RIBR,175.0
RIBR,202.0
RIBR,227.0
RIBR,254.0
RIBR,281.5
RIBR,306.5
RIBR,331.0
RIBR,356.0
RIBR,382.5
RIBR,406.5
RIBR,433.5
RIBR,459.0
RIBR,483.5
RICL,60.0
RICL,124.5
RICL,190.5
RICL,253.5
RICL,328.5
RICL,412.0
RICL,479.5
RIFL,36.5
RIFL,82.5
RIFL,129.5
RIFL,175.5
RIFL,222.0
RIFL,268.0
RIFL,315.0
RIFL,361.5
RIFL,408.0
RIFL,454.5
RIFR,35.0
RIFR,79.5
RIFR,123.5
RIFR,168.0
RIFR,212.5
RIFR,256.0
RIFR,300.5
RIFR,344.5
RIFR,389.5
RIFR,434.0
RIFR,478.0
RIGR,48.0
RIGR,100.0
RIGR,156.5
RIGR,221.5
RIGR,284.0
RIGR,336.0
RIGR,388.5
RIGR,448.0
RIMR,53.0
RIMR,101.5
RIMR,165.5
RIMR,224.5
RIMR,284.5
RIMR,333.5
RIMR,386.0
RIMR,440.0
RIMR,487.0
RIR,27.0
RIR,60.5
RIR,94.5
RIR,128.0
RIR,161.0
RIR,195.0
RIR,228.5
RIR,262.5
RIR,296.5
RIR,330.5
RIR,364.0
RIR,398.0
RIR,433.0
RIR,466.5
RIVL,22.5
RIVL,53.0
RIVL,82.5
RIVL,113.0
RIVL,143.0
RIVL,173.0
RIVL,202.0
RIVL,231.0
RIVL,260.0
RIVL,289.5
RIVL,319.0
RIVL,348.0
RIVL,377.5
RIVL,407.5
RIVL,437.0
RIVL,466.5
RIVL,496.0
RIVR,23.5
RIVR,53.5
RIVR,82.5
RIVR,112.5
RIVR,141.5
RIVR,171.0
RIVR,200.0
RIVR,228.5
RIVR,256.0
RIVR,284.5
RIVR,314.0
RIVR,343.5
RIVR,374.0
RIVR,403.0
RIVR,433.0
RIVR,462.5
RIVR,491.0
RMDDL,18.5
RMDDL,36.0
RMDDL,59.5
RMDDL,79.5
RMDDL,98.0
RMDDL,121.5
RMDDL,140.0
RMDDL,161.0
RMDDL,182.0
RMDDL,200.0
RMDDL,219.0
RMDDL,241.5
RMDDL,256.5
RMDDL,279.0
RMDDL,299.0
RMDDL,319.0
RMDDL,338.5
RMDDL,359.5
RMDDL,377.5
RMDDL,399.0
RMDDL,417.5
RMDDL,437.5
RMDDL,455.0
RMDDL,473.0
RMDDL,496.5
RMDDR,20.5
RMDDR,45.0
RMDDR,67.5
RMDDR,91.5
RMDDR,118.5
RMDDR,142.0
RMDDR,168.0
RMDDR,190.5
RMDDR,218.0
RMDDR,245.0
RMDDR,269.5
RMDDR,292.0
RMDDR,316.5
RMDDR,341.0
RMDDR,366.5
RMDDR,387.0
RMDDR,412.5
RMDDR,439.0
RMDDR,463.5
RMDDR,491.0
RMDL,55.5
RMDL,116.0
RMDL,171.0
RMDL,221.5
RMDL,282.0
RMDL,334.5
RMDL,388.5
RMDL,441.5
RMDL,498.0
RMDVL,46.0
RMDVL,92.5
RMDVL,128.0
RMDVL,188.0
RMDVL,245.5
RMDVL,293.0
RMDVL,342.0
RMDVL,386.0
RMDVL,440.0
RMDVL,492.0
RMEL,34.0
RMEL,78.5
RMEL,122.5
RMEL,167.5
RMEL,211.0
RMEL,255.5
RMEL,300.0
RMEL,342.0
RMEL,384.5
RMEL,428.5
RMEL,472.0
RMER,71.0
RMER,148.0
RMER,225.0
RMER,293.5
RMER,380.0
RMER,458.5
RMFL,26.5
RMFL,63.0
RMFL,99.5
RMFL,134.5
RMFL,169.5
RMFL,205.5
RMFL,241.0
RMFL,277.0
RMFL,311.5
RMFL,346.5
RMFL,383.0
RMFL,417.0
RMFL,452.5
RMFL,488.5
RMGL,412.0
RMGR,60.5
RMGR,129.0
RMGR,197.0
RMGR,264.0
RMGR,331.5
RMGR,399.0
RMGR,472.0
RMHL,35.5
RMHL,81.5
RMHL,128.5
RMHL,175.5
RMHL,224.0
RMHL,275.5
RMHL,323.0
RMHL,369.5
RMHL,415.5
RMHL,464.0
RMHR,77.5
RMHR,194.5
RMHR,289.0
RMHR,384.0
RMHR,493.5
SAADL,22.0
SAADL,51.0
SAADL,79.5
SAADL,108.5
SAADL,137.5
SAADL,166.5
SAADL,195.0
SAADL,223.5
SAADL,253.0
SAADL,282.5
SAADL,311.5
SAADL,340.5
SAADL,370.0
SAADL,399.0
SAADL,427.5
SAADL,456.5
SAADL,485.0
SAAVR,61.5
SAAVR,123.0
SAAVR,181.0
SAAVR,232.5
SAAVR,290.5
SAAVR,346.5
SAAVR,402.5
SAAVR,472.0
SABVR,38.5
SABVR,87.0
SABVR,136.5
SABVR,185.0
SABVR,233.5
SABVR,283.0
SABVR,332.5
SABVR,381.0
SABVR,430.0
SABVR,479.5
SDQL,22.0
SDQL,49.5
SDQL,76.5
SDQL,104.5
SDQL,132.0
SDQL,160.0
SDQL,188.0
SDQL,216.0
SDQL,243.0
SDQL,271.0
SDQL,299.0
SDQL,326.0
SDQL,354.0
SDQL,381.5
SDQL,409.5
SDQL,437.5
SDQL,465.0
SDQL,492.5
SDQR,32.5
SDQR,72.5
SDQR,113.0
SDQR,152.5
SDQR,192.5
SDQR,233.0
SDQR,273.0
SDQR,313.0
SDQR,352.5
SDQR,392.0
SDQR,431.5
SDQR,471.0
SIADL,19.0
SIADL,43.5
SIADL,69.0
SIADL,94.0
SIADL,118.5
SIADL,144.0
SIADL,168.5
SIADL,193.0
SIADL,219.0
SIADL,243.5
SIADL,269.5
SIADL,294.0
SIADL,317.5
SIADL,343.0
SIADL,368.0
SIADL,393.5
SIADL,419.0
SIADL,443.5
SIADL,469.0
SIADL,494.0
SIADR,32.0
SIADR,74.5
SIADR,115.0
SIADR,157.0
SIADR,196.5
SIADR,239.0
SIADR,278.0
SIADR,319.0
SIADR,360.5
SIADR,402.0
SIADR,444.5
SIADR,486.5
SIAVL,25.0
SIAVL,58.0
SIAVL,90.0
SIAVL,123.5
SIAVL,156.5
SIAVL,188.5
SIAVL,222.0
SIAVL,255.5
SIAVL,287.0
SIAVL,320.0
SIAVL,353.5
SIAVL,385.0
SIAVL,418.0
SIAVL,450.5
SIAVL,482.5
SIBDL,16.5
SIBDL,39.0
SIBDL,61.5
SIBDL,84.0
SIBDL,106.5
SIBDL,129.0
SIBDL,151.5
SIBDL,174.0
SIBDL,196.5
SIBDL,219.5
SIBDL,242.0
SIBDL,264.5
SIBDL,287.0
SIBDL,309.5
SIBDL,332.0
SIBDL,355.0
SIBDL,377.5
SIBDL,400.0
SIBDL,422.5
SIBDL,445.0
SIBDL,467.5
SIBDL,490.5
SIBDR,34.0
SIBDR,77.0
SIBDR,120.0
SIBDR,162.0
SIBDR,205.0
SIBDR,247.0
SIBDR,289.5
SIBDR,331.5
SIBDR,374.0
SIBDR,416.0
SIBDR,459.0
SMBDL,31.0
SMBDL,70.5
SMBDL,111.0
SMBDL,150.0
SMBDL,191.5
SMBDL,231.0
SMBDL,271.0
SMBDL,312.5
SMBDL,352.0
SMBDL,392.5
SMBDL,431.5
SMBDL,470.5
SMBDR,23.5
SMBDR,51.5
SMBDR,78.5
SMBDR,106.5
SMBDR,134.0
SMBDR,162.0
SMBDR,190.0
SMBDR,218.0
SMBDR,245.5
SMBDR,274.0
SMBDR,301.5
SMBDR,329.5
SMBDR,358.0
SMBDR,385.0
SMBDR,413.0
SMBDR,442.0
SMBDR,469.5
SMBDR,497.5
SMDDR,35.0
SMDDR,77.0
SMDDR,121.5
SMDDR,163.5
SMDDR,206.5
SMDDR,252.0
SMDDR,290.5
SMDDR,332.0
SMDDR,378.5
SMDDR,417.5
SMDDR,460.0
SMDVR,38.0
SMDVR,87.5
SMDVR,127.0
SMDVR,177.5
SMDVR,223.5
SMDVR,273.0
SMDVR,320.0
SMDVR,374.0
SMDVR,420.5
SMDVR,469.5
URADR,28.0
URADR,64.0
URADR,101.0
URADR,137.0
URADR,173.0
URADR,209.0
URADR,245.5
URADR,282.0
URADR,317.5
URADR,354.0
URADR,390.5
URADR,427.0
URADR,463.0
URADR,499.0
URAVL,34.0
URAVL,78.5
URAVL,122.5
URAVL,166.5
URAVL,210.5
URAVL,255.5
URAVL,299.0
URAVL,343.0
URAVL,386.5
URAVL,431.0
URAVL,475.0
URBL,45.0
URBL,98.5
URBL,152.5
URBL,206.5
URBL,259.0
URBL,312.0
URBL,364.5
URBL,417.5
URBL,469.5
URYDR,38.0
URYDR,84.5
URYDR,129.0
URYDR,175.0
URYDR,221.0
URYDR,266.5
URYDR,312.0
URYDR,358.0
URYDR,403.0
URYDR,449.5
URYDR,495.0
URYVL,34.5
URYVL,77.5
URYVL,121.0
URYVL,164.0
URYVL,207.0
URYVL,250.5
URYVL,293.5
URYVL,336.5
URYVL,379.5
URYVL,423.0
URYVL,466.5
URYVR,18.5
URYVR,43.0
URYVR,67.5
URYVR,92.5
URYVR,117.5
URYVR,142.0
URYVR,167.0
URYVR,191.5
URYVR,216.5
URYVR,241.5
URYVR,266.0
URYVR,290.0
URYVR,314.5
URYVR,339.0
URYVR,363.0
URYVR,387.5
URYVR,412.5
URYVR,437.0
URYVR,462.0
URYVR,486.5
VA10,22.0
VA10,51.5
VA10,81.0
VA10,110.5
VA10,140.5
VA10,169.5
VA10,198.5
VA10,228.5
VA10,258.0
VA10,288.0
VA10,317.5
VA10,346.5
VA10,376.0
VA10,405.0
VA10,434.5
VA10,463.5
VA10,492.5
VA11,34.0
VA11,78.0
VA11,122.0
VA11,164.5
VA11,206.0
VA11,251.0
VA11,289.5
VA11,335.5
VA11,376.5
VA11,425.5
VA11,471.0
VA4,49.0
VA4,107.0
VA4,167.5
VA4,226.0
VA4,286.5
VA4,346.0
VA4,403.5
VA4,460.5
VB10,32.0
VB10,72.5
VB10,113.0
VB10,153.0
VB10,193.0
VB10,233.5
VB10,274.0
VB10,314.5
VB10,354.5
VB10,395.0
VB10,436.0
VB10,475.5
VB11,24.0
VB11,55.0
VB11,86.0
VB11,117.5
VB11,148.5
VB11,180.0
VB11,211.0
VB11,242.5
VB11,273.5
VB11,305.5
VB11,336.5
VB11,368.0
VB11,399.5
VB11,431.0
VB11,462.0
VB11,493.5
VB2,25.5
VB2,58.5
VB2,92.5
VB2,126.0
VB2,159.5
VB2,193.0
VB2,226.5
VB2,260.0
VB2,294.0
VB2,327.5
VB2,361.0
VB2,394.5
VB2,428.0
VB2,461.0
VB2,494.5
VB3,30.0
VB3,68.5
VB3,107.5
VB3,147.0
VB3,186.0
VB3,224.5
VB3,264.0
VB3,303.0
VB3,342.5
VB3,381.0
VB3,420.0
VB3,459.5
VB3,499.0
VB4,36.0
VB4,79.5
VB4,123.5
VB4,167.5
VB4,211.5
VB4,256.0
VB4,300.5
VB4,344.0
VB4,387.0
VB4,430.5
VB4,473.5
VB8,43.5
VB8,97.5
VB8,152.5
VB8,206.5
VB8,260.5
VB8,315.5
VB8,372.0
VB8,427.0
VB8,481.5
VD1,21.5
VD1,50.0
VD1,79.0
VD1,107.5
VD1,136.5
VD1,165.0
VD1,193.5
VD1,222.5
VD1,251.5
VD1,280.0
VD1,309.0
VD1,338.0
VD1,366.5
VD1,395.0
VD1,423.5
VD1,452.5
VD1,481.5
VD10,41.0
VD10,91.5
VD10,142.0
VD10,193.5
VD10,244.5
VD10,295.0
VD10,346.5
VD10,397.0
VD10,448.0
VD10,499.0
VD12,87.5
VD12,194.5
VD12,286.5
VD12,378.5
VD12,477.0
VD13,26.5
VD13,61.5
VD13,99.5
VD13,138.0
VD13,177.0
VD13,213.5
VD13,248.0
VD13,285.5
VD13,322.5
VD13,360.5
VD13,399.0
VD13,433.5
VD13,469.0
VD5,28.0
VD5,65.5
VD5,103.0
VD5,141.0
VD5,179.0
VD5,217.0
VD5,254.0
VD5,291.5
VD5,329.5
VD5,366.5
VD5,404.0
VD5,442.0
VD5,480.0
